{"cameraMode":{"drawMode":0,"name":"Shaded","section":"Shading Mode"},"sceneLighting":false,"audioPlay":false,"sceneViewState":{"showFog":true,"showMaterialUpdate":false,"showSkybox":false,"showFlares":true,"showImageEffects":true,"showParticleSystems":true},"in2DMode":false,"pivot":{"x":1.9099998474121094,"y":4.911622524261475,"z":-4.151244163513184},"rotation":{"x":0.17158018052577973,"y":0.10323544591665268,"z":-0.018082423135638238,"w":0.9795798659324646},"size":5.715767860412598,"orthographic":false}