{"cameraMode":{"drawMode":0,"name":"Shaded","section":"Shading Mode"},"sceneLighting":false,"audioPlay":false,"sceneViewState":{"showFog":true,"showMaterialUpdate":false,"showSkybox":false,"showFlares":true,"showImageEffects":true,"showParticleSystems":true},"in2DMode":false,"pivot":{"x":1.9800000190734864,"y":6.97599983215332,"z":-16.569000244140626},"rotation":{"x":0.3033989369869232,"y":0.028580162674188615,"z":-0.009112085215747357,"w":0.9524024724960327},"size":1.318375825881958,"orthographic":true}