{"cameraMode":{"drawMode":0,"name":"Shaded","section":"Shading Mode"},"sceneLighting":false,"audioPlay":false,"sceneViewState":{"showFog":true,"showMaterialUpdate":false,"showSkybox":false,"showFlares":true,"showImageEffects":true,"showParticleSystems":true},"in2DMode":false,"pivot":{"x":0.0,"y":3.6242642402648927,"z":-1.3615926504135132},"rotation":{"x":-0.2332715541124344,"y":-0.1102873757481575,"z":0.026638690382242204,"w":-0.9657702445983887},"size":6.974352836608887,"orthographic":true}