{"cameraMode":{"drawMode":0,"name":"Shaded","section":"Shading Mode"},"sceneLighting":true,"audioPlay":false,"sceneViewState":{"showFog":true,"showMaterialUpdate":false,"showSkybox":true,"showFlares":true,"showImageEffects":true,"showParticleSystems":true},"in2DMode":false,"pivot":{"x":-7.699999809265137,"y":3.344264030456543,"z":9.300000190734864},"rotation":{"x":-0.21769391000270844,"y":0.10720711201429367,"z":-0.024065157398581506,"w":-0.9698140025138855},"size":52.06159973144531,"orthographic":false}